Stand,"(1151.993729074681, 445.817239093118)","(1136.9651869863355, 463.3359753797744)","(1127.0633606349334, 483.1327391248602)","(1121.2866890520365, 504.3673373194595)","(1134.381626021698, 532.7418596697356)","(915.9686660779577, 476.50566918281976)","(904.693795012402, 491.8477404299607)","(900.2616584064402, 510.6407214503029)","(903.6284152120813, 533.2740849894193)","(909.8281097810836, 557.8847310620541)"
Stand,"(1042.572439059325, 29.861502204174982)","(1031.6533790700225, 47.580121410148266)","(1029.6499791725776, 65.79500657276797)","(803.6830074845464, 85.80026795176477)","(795.8910720635266, 100.80904676451486)","(792.5262369240287, 112.70498563523407)","(791.6036158571221, 127.14864475066081)","(797.0616545020341, 142.78578858724023)","(808.8324448230354, 159.96976652352598)","(1039.2272425018202, 235.15311701540944)","(779.8122404753842, -111.54789152987888)"
Stand,"(889.9708013611746, -839.9500194800572)","(887.4516321913705, -806.9881353036562)","(867.1020731643066, -730.8146103589895)","(867.3024904490591, -703.5033422527996)","(875.5304366813378, -685.963932684938)","(819.7395185291267, -444.5035115290267)","(811.4096698804299, -421.26880981688134)","(809.669580739767, -400.9331864845937)","(811.5889644736229, -384.9368977438152)","(818.5343746213314, -368.72284993374893)","(824.784222366468, -355.15487682888516)","(834.326525042318, -342.1290869113735)","(846.0659492133512, -328.2204435767386)","(854.8867876684469, -314.0607310217625)","(865.1242851169101, -300.263274146132)","(876.4880315325114, -286.9038045761391)","(885.3329839952805, -272.2582780192594)","(899.585310351967, -260.3430801825839)"
Stand,"(529.0965846281556, -1245.528950540621)","(547.9008498925895, -1223.415264203851)","(566.0796856128425, -1207.9361694793586)","(583.7429227066768, -1186.9758896834705)","(597.9729472313134, -1164.154163708354)","(617.5983627329815, -1147.9044003528954)","(640.4602922921337, -1143.6241412706688)","(823.0881925252168, -926.7610680890581)","(844.9726667806736, -918.0965389835409)","(876.5784174969962, -920.6991042020525)"
Stand,"(363.121426624872, -1646.4321515100212)","(391.41114171791395, -1640.1940070123044)","(568.5858500627187, -1589.0909960126435)"
Stand,"(305.9901691497516, -2055.0949075124745)","(339.84690084170035, -2017.324254176381)","(370.2821227866702, -1985.7721796683015)"
Stand,"(67.89027888390595, -2860.9445944535637)","(118.63809894885222, -2823.2584125399862)"
Stand,"(-230.5934032150523, -3608.6400045437754)","(-162.87222054300355, -3552.5183605824463)"
Stand,"(335.0684840781658, -2342.406491938912)"
Stand,"(587.2795934418695, -1672.9111390407897)"
Stand,"(734.9524316054626, -1423.1823445283524)","(747.747609575347, -1386.181269666545)","(767.766437735361, -1368.318565644402)","(1062.2905364215653, -1237.618606933971)","(1076.5831024421798, -1210.189607473131)","(1060.4352710421103, -1107.745135818635)","(1107.7315921151787, -1075.5773890473765)"
Stand,"(893.8116829670761, -1245.1599246247702)","(929.6063596766622, -1245.6022954975251)","(974.2313187640384, -1260.3659538163045)","(1089.3811105040463, -1260.808414699462)","(1094.2132478386934, -1221.9318437434629)","(1059.4972895087728, -1098.9393720872702)","(1064.7260357716436, -1064.726035771644)"
Stand,"(1088.2668759883793, -535.1988127102801)","(1078.7147838111778, -506.5989317864813)","(1069.8938525097906, -478.44659509892887)","(1065.0966810791138, -453.8216857470086)","(1067.5216686382958, -433.6790858315731)","(1074.6635178220388, -412.1884562458786)","(1084.0627088963447, -394.9013872858882)","(1407.0649584375044, -297.8779368084583)","(1393.0764416831998, -269.9981993037626)","(1386.4488858820184, -242.51955969882098)","(1388.6022360190561, -215.66500092244306)","(1399.9043888437823, -195.57594968685802)","(1402.2664759229754, -171.7885124289741)","(1404.6338482758363, -146.47120801650735)","(1408.320897442829, -120.89044555226533)","(1415.4540360202636, -96.65109628941615)"
Stand,"(1260.3103328582038, 74.32438960962615)","(1240.821727857446, 95.61218372604144)","(1225.3968893786182, 117.31778851140463)","(1198.8557816736043, 135.59891130746982)","(1180.8108298962081, 155.4566949340814)","(1171.7920373022696, 176.43248372960235)","(1167.3017650647885, 196.64854888004987)","(1171.1974151824472, 220.37394848292308)","(1463.3127947888925, 349.6225316067612)"
Stand,"(1173.3866882635011, 623.4903706602157)","(1142.3450092677115, 634.0269156756298)","(1119.06495891805, 647.7210956281592)","(1097.0506281396592, 662.8446136149704)","(1075.3385449666448, 675.2126155582547)","(1056.5657385518666, 691.0680792211057)","(1042.482810318033, 708.138159324447)","(1028.9956513693776, 729.3281236610243)","(1028.4184815921071, 754.0676290756584)"
Stand,"(920.61894285542, 979.1816797999077)","(900.9343668936361, 992.9389855625386)","(880.8873571214391, 1006.118793465069)","(866.0553249697438, 1024.1580623085244)","(850.4798471704543, 1046.1654228930151)","(833.0179577526102, 1062.0292578651827)","(815.5549665647634, 1077.3795334103704)","(796.614163180411, 1093.9339274016386)","(532.5157403298133, 1057.209084713611)","(506.57121272189164, 1052.4303332959726)","(479.49161208392917, 1046.0943343891863)","(453.429245768754, 1035.8559173850283)","(428.48692505279155, 1031.2756748604145)","(405.8143467795188, 1029.3964085559617)","(388.2143473609152, 1034.0260492381894)","(369.7414634851697, 1040.5091603055905)","(350.4780335100743, 1045.5729101917816)","(331.17974433393914, 1052.3690129621389)"
Stand,"(496.66720844269986, 1026.1197220878935)","(474.51937181708246, 1026.3658842100713)","(456.4706240054026, 1032.0595038175456)","(414.8168037966267, 1367.4677397613266)","(381.4509077973351, 1341.3148232016931)","(351.86863045617906, 1327.6636309325088)","(323.3181799169208, 1318.177877615616)","(293.62068877984484, 1302.566487216852)","(267.0457353506315, 1294.4920384965835)"
Stand,"(561.0956634852656, 889.2828045217278)","(541.2903529265886, 890.3756251316684)","(527.155229723514, 899.9757573263565)","(516.2419273532818, 920.6381061212755)"
Stand,"(1114.3326940832405, 254.38484014812516)","(1101.5651165947745, 272.41853167789617)","(1090.8514034376883, 291.9739339701848)","(1080.1333201229959, 310.0420507932334)","(1069.239595428068, 329.1325721784786)","(841.8571120591796, 313.9726944741819)","(830.6483286991851, 328.5101467675703)","(826.8721815976016, 342.50167196675534)","(-387.68229428849395, -3936.204390170207)"
Stand,"(-138.41490282864314, -2966.022062826731)","(1075.81406487796, -703.6578343277084)","(1081.319612291442, -679.7907461667053)","(1092.6342412290405, -658.5502846357584)","(1110.4101641855052, -642.711651733123)","(1130.104037105639, -627.2329035673565)","(1146.3954616291933, -610.3515446494658)","(1163.8161688719529, -592.5942330737031)","(1190.0696611952183, -580.8375538846452)"
Fall,"(776.7489602032459, 1.2709536483349793)","(781.3772252338833, 13.85214372569097)","(781.9459409505175, 29.441389760160874)","(745.3989430690625, 56.00594318038578)","(742.7767099939592, 69.27307623131563)","(743.8942589053146, 82.90706584913525)","(748.9116583112706, 95.6887038550673)","(753.9042552013411, 110.78074737656839)","(753.6165886965003, 124.00040218261323)","(752.4358180133163, 139.45573588286584)","(751.805486917938, 153.17007651653824)","(754.1533853748041, 165.0353638700574)","(758.2125311378936, 179.84526717561604)","(760.6406201201438, 196.0512612130898)","(760.0520173397877, 209.8884964397029)","(757.8945261715576, 222.92574368876794)","(760.3733887178055, 238.8332257660165)","(763.9023614070302, 256.29327875846275)","(760.7851176049963, 269.1746734571287)","(778.3955533194883, 305.63773502702134)","(791.4363853198923, -274.68802393221085)","(789.7123446582557, -257.0693733107084)","(785.2570078270566, -239.60891397963056)","(775.4391683160658, -221.66719703485285)","(772.9864369971824, -204.18672390339415)","(774.0731934509025, -191.87741185642903)","(775.4999468029253, -177.2571084855557)","(767.8426244742104, -160.8040858950936)","(739.270708464484, -126.40735582401832)","(745.8737566486706, -112.09550233082395)","(755.0288059459687, -93.1239211578036)","(757.4897461714131, -80.45089772754635)","(762.283172112842, -67.31959605927126)","(765.3221802281165, -54.3555236464731)","(763.4522793198716, -40.01083854773097)","(767.3457589395886, -24.910815671647303)","(772.1286784220939, -13.688186810192155)"
Fall,"(786.7120856987513, 7.723775988502461)","(752.8420751146487, 36.98475952429133)","(749.6415160830009, 49.134100834144974)","(749.1850649907066, 62.04676377435537)","(749.7293377928306, 75.28725026671951)","(753.3683888861608, 90.20883064905743)","(754.0424387845136, 104.50628216477236)","(755.9910311593085, 118.68076215918668)","(758.3455768985303, 132.01154683752213)","(758.3414996605238, 145.90487446493282)","(756.3265344987344, 159.68460543563597)","(754.5955619857118, 173.34532105444237)","(758.3005421736898, 187.96768402863316)","(762.8956350364527, 204.1943009545747)","(759.9367630250985, 217.68409726696927)","(759.3195975281783, 231.24188917591303)","(764.8193995860493, 248.73549910866166)","(763.0334905086487, 262.73350064692545)","(759.7498527122325, 277.2304525187322)","(783.4110407500352, 316.0216823747173)","(832.9371138611024, -355.17040185344433)","(801.0554709208608, -273.6281829559189)","(791.3408280475472, -252.83444457791418)","(788.8442545261039, -238.1191762566706)","(779.9491950688771, -219.5092608784667)","(771.6819959662071, -202.26705021236359)","(772.4972932947102, -185.6830144422114)","(772.0060676300873, -171.14962472155486)","(739.7281633779395, -136.68323527594916)","(741.8217203930775, -123.30667116200448)","(746.5436535192954, -109.28322556578512)","(751.3523106565959, -100.1683845881229)","(755.6701072780479, -87.76816886766835)","(760.442643769153, -73.64092298023564)","(761.4119268260598, -59.7154936932353)","(761.5513324526104, -46.9954044524957)","(762.3007663985752, -32.65794770258817)","(765.5142171064673, -19.001208063501963)","(778.9703380669895, -6.797971153233063)"
Fall,"(401.14555954058414, 473.0669112936052)","(381.3795818396919, 469.6537177067608)","(366.44642767078165, 468.76648306733983)","(354.25618680859384, 471.1823469823914)","(344.8477358902093, 474.09819821572455)","(333.9912586233845, 477.5430888026415)","(325.05541666716124, 482.76596410200483)","(316.06550711783353, 491.6735148554849)","(307.5902568108252, 495.5489848794472)","(298.4302705034512, 502.86373516812375)","(295.00071143491124, 516.1441952137951)","(250.00120844345608, 542.6837437926546)","(241.90269768764725, 551.8055226721084)","(237.63186452342362, 568.8614479494292)","(232.6837250683829, 582.764561455397)","(227.32458802497877, 598.5345388357081)","(223.69975974299422, 618.8072539094275)","(205.42820491631312, 722.3574271957486)","(191.46838176377202, 764.3846275173006)","(183.30748449730916, 791.0387892684332)","(174.13138547045307, 814.8520252746142)","(156.9230349531149, 882.9132027561393)","(523.5151670676012, -115.01247693264243)","(522.0402758759278, -105.024760715677)","(521.3345760645465, -95.44768095454003)","(519.383750033236, -84.7324182436275)","(516.680715312135, -76.06642442326613)","(515.0087402434453, -66.23111030972856)"
Fall,"(372.4731841720325, 4.469571875152254)","(367.37406692851727, 9.620028503143384)","(362.82211689438185, 17.62594656407154)","(359.6011462568779, 25.44141526604871)","(359.72732332997015, 30.28618249061972)","(361.19335421574067, 36.171271340422734)","(364.76290973162696, 42.66828077292239)","(361.65261626436563, 49.319216834206756)","(355.11346449606253, 54.359818189575705)","(334.21252743480926, 68.94598614594517)","(324.70424785897825, 70.40748484596811)","(318.18665106192566, 78.59591329068166)","(313.9351366874363, 83.11012244631038)","(308.9438005358454, 86.22233243462956)","(303.70260314045066, 92.57958114894411)","(300.58451975221965, 98.30060521343441)","(333.32019468993553, 117.72806722215168)","(328.53777037887545, 122.8352389767582)","(323.9482562825789, 127.81075757336156)","(320.85951095489435, 131.47142932890787)","(315.6491620401789, 136.1237268198784)","(308.55071432746536, 141.0213430230008)","(303.56041778433513, 146.93071583096534)","(299.3215348811483, 152.10089170150687)","(295.7731264041781, 156.2322236195149)","(292.56232343580933, 161.64884597744862)","(288.77398741475065, 166.82875709117246)","(286.84427718397, 170.12527927032417)","(282.5042358327528, 177.7088046117929)","(278.3930156936056, 183.17448324758513)","(276.4696914083084, 185.16768679387533)","(273.034535142394, 191.0698959008896)","(268.66570770822534, 198.00959573121304)","(266.36006296985295, 201.51505366769993)","(262.26198026415926, 208.02936381175076)","(260.4806381139151, 211.05070402101856)","(256.09054150287415, 217.51697532092683)","(253.8123964502891, 222.83251537457738)","(249.4953776026202, 229.8752249698213)","(247.51010570052722, 233.47121894596307)","(244.2582818751097, 239.37813545814797)","(242.82333057668373, 244.01822191723014)","(237.8948422001622, 250.55197874804324)","(233.87109868296935, 256.34607311371246)","(232.93888754246166, 260.5565671221518)","(227.24334857786866, 267.8376803721188)","(226.50981873670597, 272.0465070826395)","(221.9297860947309, 279.31654541746536)","(218.5557090425537, 283.54435639756014)","(207.13133929402466, 299.6242159476828)","(204.06159611602695, 310.1377556676702)","(194.42405052553937, 340.38696887108136)","(189.83343098848707, 347.81795666575255)","(173.85159229065326, 425.61213135671363)","(160.14398821025824, 572.0051599768245)","(153.23298510097734, 586.5651837409408)","(86.68937781525388, 646.2112284493393)","(14.735439611987733, 947.885471362148)","(-3.8533489927132405, 941.9921187045783)","(-20.066597890351556, 931.2838351700876)","(-36.55750528498541, 924.0271161104192)","(-99.81809292673961, 717.338421405454)","(-164.17159378828578, 869.8938155275126)","(-180.15402380136467, 872.0864508224957)","(436.2489097102706, -440.5529352718015)","(444.29267044855123, -434.22987631632975)","(455.32236509259377, -429.96581997466586)","(468.4890235381136, -425.31235265896623)","(480.0587562246796, -419.84360549139444)","(489.5609368108001, -412.613804481784)","(494.86365228836803, -403.87068245147134)","(501.65892116492194, -392.15926524263915)","(507.41933854385013, -383.0191605804095)","(511.09605334300704, -371.75909438398696)","(516.0140108817664, -358.8060626211774)","(520.5870404915555, -349.9024089260369)","(520.0979666832562, -333.33641798030783)","(490.621213968504, -287.19866713491444)","(486.2567823454459, -273.7121510328938)","(485.1634443832906, -261.71166335137167)","(487.3865097468728, -250.51624721115692)","(488.6469875319115, -239.65012847062673)","(487.07314778158224, -229.06944626060658)","(483.5459611997986, -215.76272478665746)","(478.2576091088776, -202.85440426438876)","(471.9132154005118, -188.72196382602158)","(417.20470671727264, -138.20449592163982)","(413.79025110317133, -129.22800815602787)","(411.24393586625126, -117.67959769320521)","(407.22148215421873, -107.80643288840108)","(404.0225288701419, -100.1491820504559)","(401.85160169116836, -93.1211051171675)","(398.3353582769684, -83.53407895200155)","(392.4278389985097, -74.83743166998553)","(386.90303019203174, -66.04767390471636)","(383.30129123518884, -58.56776107584215)","(383.3295904526446, -49.40318900038477)","(384.924653980224, -44.6011295619837)","(386.27092247611523, -41.557483675638416)","(388.22020468416355, -34.49833582922762)","(389.2993706138964, -27.22246387864503)","(388.3659932218844, -17.274773769262975)","(387.03216597285405, -12.987109084055577)","(381.2404166020985, -2.7031923827944406)"
Fall,"(930.7399978145769, 4.314970234112061)","(934.0048863603718, 21.399410154231553)","(936.6840643236386, 39.10516132366437)","(948.102763272934, 55.912545767716786)","(954.5687986068116, 74.86426868906403)","(957.247621748734, 90.32851518979253)","(963.3870601938117, 108.69968836719319)","(960.3850149417982, 144.86954674893562)","(955.4037055708361, 161.75524529830557)","(952.6823543111251, 179.7959448491874)","(955.9487588315553, 195.5761564925768)","(963.2029032883868, 216.57038023890215)","(971.9726144045698, 236.15524416693685)","(979.7264499176459, 256.5124672053317)","(994.685995815267, 279.6521629256436)","(1006.8862858862624, 303.03837594299495)","(1006.2061623231236, 322.08913192309336)","(1057.1185991842367, 378.2430828961151)","(988.5508412127245, 396.89393650900564)","(974.344497831358, 412.3309345001402)","(972.3795689998284, 430.7089780718625)","(964.4702838371286, 448.139846024797)","(943.231089055667, 461.31888389579336)","(928.4141992698151, 475.2852560244091)","(914.8599034645371, 489.3236219853462)","(906.6174047258554, 505.459079894856)","(901.2637858852303, 523.9559506788921)","(893.5966328208974, 542.2477480922851)","(879.9197118083035, 554.8525599392977)","(863.6288950550226, 567.2307238911171)","(876.5307402670209, 620.1878133815178)","(847.71687080423, 625.4904930963254)","(820.7877916676124, 628.0363453251763)","(795.2555049034819, 631.5132080334567)","(765.7864806001132, 633.7247558128785)","(737.9081996833736, 632.6732875979849)","(712.6581861454415, 635.7226673006786)","(1370.6884330495475, -829.709757688902)","(1376.9668057253718, -800.5091994664808)","(1396.5976768852913, -777.6356337762612)","(1409.7660440134252, -754.030015083443)","(1423.6797372856872, -726.8688022209759)","(1434.9920447528864, -700.8614923762971)","(1441.2991745661416, -672.5674236795588)","(1446.9503013074525, -643.2783810655171)","(1455.6986220930612, -615.5662203503073)","(1466.7022807197477, -588.8672768387548)","(1266.859148122401, -452.51017813811023)","(1252.5219254090407, -421.3681007974259)","(1407.5383023026077, -336.70237606986507)","(947.4437473548606, -98.01324195321277)","(931.8449971337162, -79.73370565115113)","(927.2604044194723, -60.775857837110195)","(928.6792873343829, -44.607664992719464)","(926.8478595584992, -27.30581864417381)","(926.4392279273771, -10.611642536640241)"
Fall,"(1063.1076711323417, 17.396611151862068)","(1053.867623961603, 36.51412282289441)","(1042.8924420833084, 53.22984825746782)","(1033.4763560691779, 72.2677067989138)","(1033.7763442180462, 90.72779417120007)","(1038.2808587644772, 109.12771565143022)","(1026.119943350362, 127.41217311799424)","(1008.6136633179049, 145.1188415349156)","(1003.9774246485688, 163.7891733174914)","(1005.1479653727033, 182.04345005276883)","(1008.4377214682522, 200.87663980642355)","(1005.8151163267122, 218.38386906702232)","(996.4329895978738, 234.91564388316837)","(999.138501558826, 254.3290284312504)","(1009.9214530902035, 277.11228967364843)","(945.8539634140627, 297.37607485120384)","(942.9356238365239, 316.07381938405706)","(942.7860619481451, 334.1474283849994)","(938.1621942839428, 351.9313814031614)","(923.6730836481615, 365.8828836443382)","(903.0943479679447, 376.6733978771965)","(887.0102053243768, 388.85105844064117)","(877.2596623616085, 403.8422306955982)","(872.5556041300873, 420.2843890762282)","(865.6240518693927, 436.60651715843073)","(852.7363500882161, 450.1319581391965)","(838.9896472019777, 462.9680705922396)","(817.9138616303366, 471.33100359826824)","(793.5226286249805, 476.7964978479826)","(770.7950049681539, 481.35394754395)","(745.0713065423979, 485.8796128334714)","(722.4760918640494, 489.6129687670146)","(700.4705115396066, 494.1848085113927)","(678.8247456421534, 497.7348965100454)","(661.2950108512488, 505.7125256736744)","(1291.6135988088167, -993.8910271614978)","(1301.6452215544296, -963.1667974471089)","(1317.0927471867278, -936.7661169193291)","(1332.37939432404, -910.9122622847405)","(1349.1514488977439, -887.7022969087769)","(1366.5998458176614, -864.3459153667266)","(1374.8698472522597, -835.8312647398088)","(1387.7469061785207, -809.8173169869509)","(1388.7700719973325, -775.7597886101884)","(1374.9746977319958, -736.386205123919)","(1323.2184706466644, -647.1644914080983)","(1317.54494540453, -614.3812980055415)","(1312.8749893360568, -582.3858900040834)","(1310.7864224702769, -553.8663689623813)","(1297.0719539661113, -519.5304694958076)","(1279.7016364091062, -485.63389942615794)","(1269.7707110761335, -455.50339328396905)","(1259.757111438847, -424.9497266492261)","(1254.5720780112508, -398.19965290609224)","(1216.6963589128004, -338.8494801653587)","(1212.2199684946793, -312.0910291609787)","(1208.919585891648, -265.5908457525712)","(1215.130546425082, -245.8410414163628)","(1176.3949895622113, -192.2467906960336)","(1168.5302356833668, -176.2672709091946)","(1148.2583829182142, -151.80826248280243)","(1129.5477080957064, -127.75968705243758)","(1117.621475173883, -104.5394099378494)","(1107.3101891954343, -84.10942220685843)","(1102.6546393206213, -63.82003121834506)","(1094.1321848071364, -43.58626124322324)","(1080.5117375912637, -22.692453095872114)","(1070.4960193756617, -2.9193322631653325)"
Fall,"(737.992974771902, 3.2201222521429695)","(745.2997231074171, 17.27925739166463)","(757.3402888078059, 31.617826435560097)","(765.39542315428, 45.55665389908085)","(772.0100161285644, 58.85233637820649)","(751.9785021162115, 84.84630136345895)","(754.0747758587676, 98.64827628270771)","(754.6807533068627, 114.05052866245843)","(748.5621718487043, 126.94580488204727)","(744.889493318502, 140.36966461349627)","(740.7736879929827, 153.44899210250642)","(735.4534624771511, 166.20530837000862)","(732.9243031834852, 180.1930306726722)","(730.6556354899968, 192.1525236022389)","(730.0941693848398, 206.55281728957573)","(726.0784797368134, 220.2534988668233)","(718.9517857594229, 232.9514804703692)","(714.7407895734053, 244.79757703046212)","(710.5244876357307, 257.5131355290103)","(706.0082171610571, 270.3486587743049)","(702.1099440357937, 283.0028736356836)","(698.3929718559931, 298.4753036050958)","(696.4091545282087, 310.5165687838664)","(691.8400680193155, 323.5295701833588)","(684.3335769764457, 335.15900021127743)","(678.2882064860229, 348.87343183735624)","(673.4636671805731, 362.3385868047928)","(669.7148318753899, 373.85965811533924)","(668.0735981188622, 390.34181174518955)","(666.1758789156794, 405.240374161956)","(661.5996137098833, 419.712045501357)","(657.1588240949321, 433.9337851725377)","(653.150493390998, 447.0645176963788)","(651.4890012987205, 462.56143504057457)","(648.6214052012062, 478.04114385146045)","(641.2919295162926, 492.3585189039289)","(640.1983015840437, 508.38212463550065)","(641.0285201203251, 529.5986087522757)","(638.5661975139008, 546.8946643482983)","(716.2946765701713, -824.9110172116953)","(719.7836717111566, -796.775080206457)","(721.3736964320897, -771.8887485226762)","(726.7990903625745, -750.1622039586733)","(731.4706580936908, -725.5106745238025)","(733.380012481167, -702.0586298829488)","(744.2358633130673, -687.9645555976364)","(750.5032927146295, -667.2802036060258)","(748.7114991944636, -641.5817102863662)","(751.248008610189, -620.314026972811)","(750.6839986977438, -596.7868414259532)","(750.5026251822873, -574.2567453626428)","(753.9755627414964, -555.053973311284)","(740.8248951841024, -501.75296429165587)","(737.6637774059637, -480.76231289813546)","(719.7310465158936, -431.65702030794836)","(721.212849511178, -414.8204740607278)","(715.6330900411459, -393.11770557704625)","(702.6626438663665, -335.1528888652578)","(680.402573632563, -294.7449538061419)","(679.2709115608524, -278.1133378809595)","(677.76397748814, -265.05858469299983)","(680.149039744855, -251.76347279570084)","(684.3993301812378, -239.21236767247848)","(686.1202885180991, -223.96877501973466)","(687.3534012294439, -210.96516731042377)","(692.7652685257418, -200.69341101405624)","(699.6228726497637, -187.25890783963393)","(700.3109404397004, -174.6071281490603)","(699.0862808947182, -160.39306208434044)","(700.7602451417173, -148.15242599741785)","(706.072751672846, -137.04682354996598)","(708.2463580455923, -123.88743404863396)","(708.0778459110543, -111.15901506383183)","(714.2195003133771, -96.8042761044671)","(729.8755235163985, -75.30459927297457)","(739.1856834693737, -61.62457183555016)","(743.9038272743788, -48.758032841071454)","(746.359875947544, -36.46228291765099)","(740.6962390632406, -21.215122850713218)","(735.7017398246818, -8.426892602626074)"
Fall,"(312.63711600065466, -416.7721604171675)","(315.2498272439961, -406.92150216304697)","(319.8113424813342, -397.5874340573238)","(326.64800668652396, -391.0132091473645)","(332.5700715094798, -385.32862278343595)","(341.3348647799981, -378.2601751250328)","(349.3532551969711, -375.6611546104814)","(513.9075666430931, -454.41722342685784)","(516.1014887118407, -424.49654397818335)","(522.9633178429033, -413.1968274209551)","(532.2366370576119, -406.55777532056106)","(547.2111026786081, -402.8402401762537)","(557.8069448942795, -392.39700843369104)","(553.4005419444396, -376.3554206805059)","(553.5619999102676, -360.7764886399126)","(565.9694122917637, -356.23754272972917)","(579.4450952746278, -348.16573863919683)","(580.3621141371412, -335.283281680235)","(590.020147059516, -326.8431979770529)","(808.7400642761808, -382.7754837167071)","(1453.1634548582726, -554.1827640448313)","(1463.8427395278973, -528.2788055860852)"
Fall,"(380.0746547654771, -326.41117751220384)","(383.1436278322571, -318.12727083910437)","(387.58666800071137, -307.09416273857494)","(389.6411589669512, -299.9963828763458)","(394.2285989089182, -288.8950922087659)","(548.6328029363336, -357.3508220813575)","(558.3007292753315, -348.2302337400258)","(567.6655120535911, -339.6146587309421)","(575.2218604827968, -331.6863144941464)","(584.3822030358332, -322.0559008541626)","(592.7368821847309, -312.8866424089153)","(580.4613197487479, -240.99150664606813)","(592.9498511218635, -234.12971629966142)","(607.6300144723266, -225.86240947169617)","(621.8476424596738, -220.39866621045073)","(636.9154514476115, -212.7227249432587)","(654.2919648161832, -205.31704088306577)","(1276.8494403095183, -325.7615221005548)"
Fall,"(284.55503139105537, -178.67410027767176)","(287.120741371376, -168.17919721044993)","(286.6137647899552, -161.0251916096615)","(285.3318527519661, -156.6396622989539)","(290.34559084586886, -149.33749655181487)","(292.9993666490512, -147.98457231500473)","(297.97502552010326, -141.2301195435797)","(310.91458095130906, -113.54789012514446)","(313.67578745507336, -108.00723524116174)","(315.88835646686755, -103.78244672708985)","(317.97133135770923, -97.2135918203101)","(320.48031020078224, -92.27470278256327)","(323.7553332435921, -89.88038827425396)","(328.720297951056, -83.86613270545493)","(332.6950340679591, -78.14778823818068)","(336.06181229471014, -72.29468042114173)","(340.316562453533, -69.04491161418468)"
Fall,"(486.24952012816647, -245.58901985864074)","(343.41491565014843, -141.0416896133957)","(345.0466151294817, -132.88301579843568)","(345.8883919384465, -127.81933665230629)","(348.22682527360394, -120.54181083701589)","(351.4465079533308, -114.0859414976683)","(352.2231931477351, -109.15761406706027)","(353.8180610997583, -102.08252612277809)"
Fall,"(1456.6711890071938, -3101.7292934130096)","(953.8529192465295, -1828.6800864133872)","(991.8903799598826, -1819.7279258567858)","(1024.9820397191522, -1808.1963577701306)","(1196.9175716651528, -1720.3361267901091)","(1227.856002975843, -1697.7756619931229)"
Fall,"(1229.2538921152702, -2783.3904561199206)","(1256.2449712282491, -2705.575275660194)","(1286.7419412479228, -2520.2738420920705)","(1316.9290443263437, -2462.185605251908)","(1355.6273799879925, -2433.082811810336)","(1392.1647502716369, -2396.1852746816367)","(1417.4397918472118, -2338.7436796254806)","(1440.8437939833086, -2278.0889823138573)","(1453.6826308535901, -2206.719977422279)","(1467.773205412588, -2140.6218880205947)","(1488.7884358598797, -2088.4088574199004)","(1511.397847251027, -2036.723007633822)","(1529.1122189721634, -1986.0408031533561)","(1547.0933473175064, -1934.1129070418597)","(1578.2953166385787, -1897.6938520153162)","(1612.8268153119268, -1870.7457507130111)","(1649.072832173219, -1842.566513504519)"
Fall,"(2302.7891495068716, -4183.891752353713)","(2365.5237249773095, -4112.733611184838)","(2424.454309772527, -4042.4572183667474)","(2780.919400022428, -3648.8268461354673)"
Stand,"(1391.2133704094513, -2599.365965094945)"
Stand,"(696.5543897385763, -1069.4045280603218)","(718.4338091409384, -1064.495619710688)","(747.9708371903206, -1063.2683700330838)","(776.7306142882842, -1064.1878606840735)","(805.5845988900264, -1063.6054327292595)","(835.2574956078212, -1062.495725182436)","(866.1742330874325, -1063.691807073552)"
Stand,"(-546.2471700077097, -2034.183642584555)","(-509.41354517663564, -2045.5223880443284)","(-476.1061484766959, -2067.386075551126)","(-443.84111371022425, -2093.722791651385)","(-409.3125009459248, -2118.0629922335625)"
Stand,"(-1080.9573473964163, -1624.4715373344352)","(-1050.558494497787, -1643.107395193188)","(-1019.4364410612849, -1658.4887413354068)","(-985.102211323081, -1669.2473440884596)","(-955.0231439612938, -1686.9241371497076)","(-943.5983642093952, -1816.2620101630032)"
Stand,"(-1647.704058286515, -2467.4197730232586)","(-1601.2776880894028, -2492.451808085175)"
Stand,"(-2144.489870700344, -1280.5929317951209)","(-1915.5235771873486, -1243.955555974322)","(-1887.5047992839989, -1275.3860720110877)","(-1881.7910032258417, -1320.7057280780912)"
Stand,"(-2267.912219192383, -437.6290992814349)","(-2315.5662271401875, -489.54939508466055)"
Stand,"(-1862.2974760249083, -1256.8745654564168)","(-982.2691820239934, -1508.9557660998269)","(-952.5827989190811, -1521.6795239811468)","(-919.9233865043989, -1532.90281018148)","(-887.5693451388821, -1541.195285345026)","(-858.779802220408, -1556.2787350915892)","(-837.8470763500998, -1580.9578865838237)"
Stand,"(-1004.8003663004249, -1519.8882274307318)","(-965.0297868257301, -1522.1112222958893)","(-925.0420570839226, -1516.9501491894664)","(-885.1456420251848, -1513.9868740857114)","(-852.862966198281, -1520.949973992396)","(-826.0368972124551, -1541.3596617738574)","(-803.0388622242418, -1564.4330716772754)","(-753.9687118563141, -1766.8537521656199)","(-718.8654512949497, -1770.906272346029)","(-679.892638196246, -1768.2975571228244)","(-638.1922708038742, -1756.3989262084494)","(-602.4846339171476, -1752.8475449661105)","(-571.4929665842834, -1762.144159580792)"
Stand,"(-1682.7508639921246, -339.97072261263634)","(-1696.8255127882796, -373.7504905024092)","(-1708.920529777229, -409.28985499999243)","(-1721.2457894358645, -444.6436717747225)"
Stand,"(-3037.2495326439666, 799.6410688265111)","(-3101.8354484691054, 755.42908377985)"
Stand,"(-4358.611072922908, -1363.817625268797)"
Stand,"(-4731.11467726866, -1717.6028274991477)"
Stand,"(-1011.9743286579849, -381.51042991931536)","(-1169.081586705314, -514.4082096220719)","(-1139.9097677191291, -527.3914309680441)","(-1112.0109699460438, -538.9894852589044)","(-1087.8543646722894, -552.7955714036152)","(-1069.1599637330978, -569.2306513622059)"
Stand,"(-1067.3558735769905, -336.8560547781499)","(-1032.3931301288078, -345.7469990655632)","(-1007.0985279820137, -358.48787278855207)","(-976.8340460068018, -408.99418890979535)","(-968.1424191330409, -429.7799655349506)","(-869.9728912433394, -485.96236325635846)","(-854.1974110537153, -498.4654280380236)","(-844.8666561925394, -512.6776723771354)","(-835.6373516092841, -528.5232058248923)","(-825.962341601682, -544.4279316455634)","(-813.5553950474093, -557.5093556966142)","(-800.993991573635, -570.6845673951028)","(-788.8262675439713, -584.0337059045881)","(-776.4945818100464, -595.8252486422854)","(-765.8115480029306, -609.4950659729373)","(-757.5261625809534, -627.2370867585677)","(-757.0512725209403, -648.3702131301415)","(-751.8064997420568, -668.0718894292716)"
Stand,"(-955.2586153129333, -517.6516472208094)","(-956.303320913965, -541.0503866636843)","(-957.1464480960518, -563.0993934440987)","(-959.6434992484707, -589.51116770605)","(-968.6775659117644, -617.4871138730421)","(-975.6297006492775, -648.0534312161315)","(-983.4952851649399, -677.9139134568145)","(-776.3956252153871, -699.4532387132168)","(-745.1912182244902, -697.9477403653517)","(-734.6151785340718, -714.4600072553775)"
Stand,"(-643.7546528608466, 184.78368277532206)","(-649.2854398333402, 172.2686277893512)","(-656.8930499361102, 161.690355141038)","(-663.4738217414823, 151.27041304812983)","(-669.6290925624094, 139.47357597066252)","(-677.8204777800528, 129.07129774671412)","(-685.7006280896576, 117.82491730295901)","(-691.3588765721986, 106.41030863984669)","(-698.364471516965, 94.65530847675805)","(-705.5065808229187, 84.08754019207818)","(-711.5379411414335, 70.27629981871488)","(-549.7533954062709, 28.66102299772882)","(-553.4073796445481, 19.47651547261288)","(-556.1543598617294, 10.314577392699814)","(-558.4999792323208, 0.15230724611832228)","(-562.6771591593513, -9.054118419927752)","(-568.1590746535527, -19.685423257292936)","(-575.4520235231956, -30.315526105603414)"
Stand,"(-215.29995068708473, 328.77793605127897)","(-216.17856131258253, 319.1818911354809)","(-220.44942367272625, 306.75252908878)","(-221.20594115731882, 296.90569899667605)","(-221.97239349472122, 289.1167697077163)","(-224.95469089655873, 281.7013259529208)","(-229.5766803611065, 276.6492324847014)","(-236.16528453902836, 271.37800367494737)","(-240.30278090274498, 268.0570340252375)","(-244.826391062247, 264.2727771440632)","(-250.32133871360105, 259.0739081509958)","(-255.05662396568084, 255.47430119530478)","(-259.78303279342344, 252.10469228606416)","(-265.779454669818, 247.97889320547858)","(-271.8860535276115, 244.27080033679994)","(-276.86318203343393, 240.14376617834915)","(-282.03130399538406, 236.78345817785345)","(-286.0124240660394, 234.3330019008591)","(-292.5587773436488, 228.9576637703777)","(-299.6412621843052, 224.64497322797249)","(-303.96881148559595, 223.00664035860956)","(-309.2683591373301, 219.07551674366397)","(-317.0485299118848, 213.9777551071902)","(-325.15739923460933, 210.78167786357727)","(-332.388017461817, 209.2146465900579)","(-341.27906595424656, 206.71139093285845)"
Stand,"(100.81034478041184, -574.4717894598955)","(111.76990823511736, -571.6762524481085)","(120.22671745832477, -570.979672500866)","(131.44526766718027, -573.6326277400052)","(143.42359538061328, -575.909647677566)","(153.85728240622828, -577.3510081835574)","(132.0445029114961, -402.65160095404553)","(137.6570131557055, -396.27111518384726)","(145.79327623894196, -392.5504847831875)","(152.86426962886233, -391.1937053057404)","(159.83601797694288, -389.4784298998783)","(167.5574390358591, -386.2195031633493)","(175.40704932156552, -386.2906024592132)","(184.26843451143998, -387.6863507304625)","(190.53089187960813, -387.1565952422367)","(199.93714953076974, -384.07569076616994)","(208.10047514803836, -382.27837336574595)","(214.713601239309, -382.90869596138316)","(224.3854594364807, -382.8383837776451)","(233.07685998214043, -385.5196847644303)","(243.11784260089016, -385.78454428487515)","(252.1897597672139, -383.51183171912044)","(261.1734395263961, -382.9108048696875)","(271.7813424148116, -383.4513031862102)"
Stand,"(-223.84132775978125, -151.87267689330488)","(-220.88786656674694, -154.39818782482843)","(-219.4646820363628, -155.55144916932846)","(-216.01911840453351, -160.30202894451503)","(-213.603379056875, -164.73815270144607)","(-209.71351677125898, -171.24778358691503)","(-207.11918831307216, -176.3112073367265)","(-208.11628030416037, -177.45383589080333)","(-206.9111504652325, -182.65753697330396)","(-205.28866710190985, -188.93798760313192)","(-202.55986067352026, -194.7575488753236)","(-200.36500972730784, -198.08312744142503)","(-195.42421838277266, -205.0364293716665)","(-195.39178084040822, -207.82111172836576)","(-191.85822276068907, -213.78256444132623)","(-191.48039022329434, -218.46169037141257)","(-191.32351316094991, -223.88738980065807)","(-187.31530021402548, -232.09058749921226)","(-183.92805011808096, -257.2635514015942)","(-179.81937543554628, -263.79074039467355)","(-177.5941342160914, -270.3933680622306)","(-177.96590851907473, -275.52156976356736)","(-172.72137466587384, -283.24086787314224)","(-170.86572116644007, -289.8916268716162)","(-170.75763054089802, -296.3204880059058)","(-165.93195888027893, -305.6086509281984)","(88.70030883737319, -288.1570842650838)","(94.54939759348808, -281.81194778559075)","(97.5773599060837, -273.8872420061924)","(103.13021020977527, -264.34489259693964)","(102.68909572154254, -257.8006974775124)","(106.6884034280914, -250.20308665954707)","(112.94473045020197, -242.21075608554466)","(114.1095925250881, -238.0651190194783)","(114.88013898838234, -234.07929461191128)","(119.09585726627799, -228.0213570743108)","(123.74155151149245, -220.67403206886092)","(125.45642909768591, -215.66393856659786)","(126.17359631202778, -212.34223224240966)","(135.9480016568472, -203.8213454118824)","(138.50921331090169, -199.66020591994572)","(140.6184797891946, -195.10687620321298)","(141.96159677072262, -191.95954662976976)","(142.16517664894377, -189.6261125171705)","(141.32414620686316, -187.75645314849012)","(148.20386914592808, -178.49261376924434)","(149.6025533459574, -179.28002128617112)","(148.237679829726, -175.2022838855123)","(154.2809657582195, -166.17143588689092)","(155.14333902067816, -166.73513984015165)","(159.8061325481597, -159.80613254815978)","(161.9366784059053, -156.20983383533317)","(162.68004660992872, -153.62052250591853)","(164.03138135038557, -152.54411143103619)","(175.8205132069846, -144.37242512208678)"
Stand,"(-616.1779147599032, -500.36370757893457)","(-601.9630574061731, -507.3490317505418)","(-583.5281707042097, -513.432017403082)","(-562.9323844176589, -512.4536008985096)","(-546.4278304101173, -516.2796612818406)","(-533.7248705442289, -524.7761547198444)","(-519.6720951316792, -529.9773354035539)","(-506.3377084346422, -534.1517808798874)","(-494.1096132144581, -542.781438637191)","(-489.28452036202077, -551.8214458809184)","(-477.66903954684994, -559.2785876988229)","(-463.8811840479886, -563.9852033398006)","(-453.4995193930117, -572.3663585591902)","(-445.99161061650705, -584.8518900197673)","(-438.26291030212735, -595.3286352541002)","(-665.3303524136697, -988.135661059301)","(-648.2536248389573, -1001.2091691465637)","(-632.2676706006021, -1014.9165754944041)","(-615.8717758401366, -1028.1557302877404)","(-596.9841605437945, -1039.2363359986125)","(-571.895646245152, -1042.4281125362265)","(-546.5807765081788, -1039.5670756385641)","(-529.1603709207518, -1047.7014671875822)"
Fall,"(-1550.4713989392606, -230.42285275408892)","(-1548.3629008423707, -258.2390167945174)","(-1550.9171299276438, -287.00804622344594)","(-1555.8608954655804, -317.86927181003597)","(-1561.0973153847735, -346.0869426870266)","(-1565.141494823465, -378.46685942334364)","(-1580.2017015625788, -411.88782742238294)","(-1585.6538175893313, -443.46839883398627)","(-1494.569677046767, -477.51699493559664)","(-1250.263466379641, -505.93263102548)","(-1211.1421581833392, -521.1304276963715)","(-1169.838001474636, -529.2778573734495)","(-1009.0767487397455, -574.1821271624749)","(-975.3128035587603, -579.530141765164)","(-947.3993017167699, -585.5541184267915)","(-919.3533803803413, -592.0571019616601)","(-896.1736465424092, -600.9274459058106)","(-874.3688987600488, -611.5292543134299)","(-852.3671301630632, -617.8615038320349)","(-828.9574755256136, -626.7934797604404)","(-808.9663634623507, -633.1002963879419)","(-787.3883648289909, -640.107120279042)","(-764.3483469680023, -646.353312428491)","(-753.1555271420656, -660.4996702764939)","(-742.622663941095, -674.1814140133436)","(-724.3611216633941, -681.7833438289246)","(-706.51744477173, -692.779438373589)","(-690.8576684201016, -700.3425907976332)","(-673.3397175684865, -710.3275211089535)","(-657.153615018037, -717.5500862439678)","(-640.3584795969488, -724.5895511310415)","(-631.5429433977852, -738.2179628297201)","(-716.0488497103712, -926.8768026703734)","(-698.7142339681932, -941.5703209268233)","(-232.3975047765028, -830.0815621212505)","(-215.4519934888472, -833.0910445453616)"
Fall,"(-925.244265961925, 167.31141863177982)","(-915.2685399433143, 147.01190356577803)","(-913.487512747839, 130.41520829169707)","(-914.6633098044161, 114.0793241460982)","(-916.621424846917, 97.09905257832165)","(-919.6927305255623, 80.96816608047507)","(-932.9895346926868, 64.9853110627617)","(-954.4265014877122, 50.28037149749345)","(-1047.9923619654592, 4.001157589755445)","(-1053.613605444987, -16.95384679697711)","(-1131.1371534644425, -76.92725493840476)","(-1106.6020916417096, -95.9029367339355)","(-1097.7035420127315, -115.37329133167255)","(-1089.2462892220842, -134.34571603113966)","(-1077.0398792950857, -152.26674261974352)","(-1067.8600300506162, -171.22268021584466)","(-1061.8984044872432, -189.9298319049622)","(-1061.9698790714779, -208.53066547851134)","(-1055.4720472165432, -228.86405909298873)","(-1052.383536962118, -245.98669401230381)","(-1057.9155379449223, -268.6763193411458)","(-1063.0334237303503, -289.50475390247016)","(-1059.175001851276, -308.721359729692)","(-1055.2672984437907, -328.61602416063624)","(-1059.906956974257, -351.7496340546368)","(-1065.2339079095686, -373.3005276445623)","(-1060.2572304328664, -394.43778700173704)","(-1062.4027926003314, -416.1505812503657)","(-1070.927648872906, -441.19953918782534)","(-1070.7698786436692, -465.9312497455196)","(-1061.7371289959212, -487.3626282466664)","(-1053.433053476004, -505.63925069581194)","(-1053.3213809692356, -529.1177854628047)","(-1050.7015725779966, -552.8008392559884)","(-1109.0972371364523, -686.748548288446)","(-1109.3918894446583, -715.2968863586723)","(-1113.5598444049072, -745.3753906112805)","(-1120.4934309481157, -779.1258137824216)","(-1131.6614415913546, -816.5553451024474)","(-1536.7891538849387, -1471.9589316627055)"
Fall,"(-805.6205927295291, -197.59987492435872)","(-787.8440797837933, -207.65179616277817)","(-957.972472349015, -342.17876135364634)","(-930.8011682224045, -350.90846062158016)","(-838.8382548785862, -372.92677854003466)","(-825.3470898348803, -386.2366422299859)","(-813.105737659592, -399.0515278570559)","(-806.6849054497764, -413.5235341785101)","(-802.7688308730902, -429.08887969586436)","(-796.345420074585, -446.5455989327771)","(-639.3696202006165, -393.48704078345366)","(-599.041003307426, -401.6857463944077)","(-586.0103563708848, -410.0907518172882)","(-577.347973477078, -419.22734586607214)","(-572.9390130543527, -431.4955965248131)","(-569.1705419249589, -445.43513187090286)","(-566.2890989391443, -459.0834961340823)","(-566.0448091072957, -474.70499953411615)","(-560.59415383865, -488.3916918641512)","(-555.2770156511382, -500.79686339829004)","(-551.9753426492022, -515.8521795120147)","(-545.2595686566975, -526.5510448079199)","(-536.6080495898466, -537.4867915729471)","(-528.2587130456217, -548.8221885013246)","(-517.9418048311081, -560.6129228873468)","(-513.6365012374276, -572.6457081796509)","(-510.5953735485158, -588.9928815451436)","(-502.9506064970103, -602.3896163815322)","(-497.75004739379136, -616.0429289582654)","(-489.69719003788845, -631.0294957995197)","(-482.080788022093, -643.7516417998465)","(-474.73654244212855, -659.0715270515736)","(-466.88741480562646, -673.7998251677711)","(-462.6611799559204, -691.1965675998366)","(-459.97133825318787, -712.1140572166593)"
Fall,"(-1352.4577043408487, 10.696166092650724)","(-1325.9324993307039, -13.379357930532041)","(-1312.2520770893452, -36.15312814542259)","(-1291.5943511778944, -60.27463816028774)","(-1266.8494072639762, -81.99286136556293)","(-1246.8673988842256, -104.63389555820535)","(-1223.2801552341746, -123.5148242530164)","(-1192.6517818818775, -143.46877595484816)","(-1165.6963964854738, -160.9113846835615)","(-1142.804726215922, -180.68303113062728)","(-1122.0261752888966, -198.79012039477726)","(-1107.4032878378794, -215.8842759115515)","(-1083.3458088030573, -232.4346328515812)","(-1000.4886065447972, -254.091736729178)","(-969.1774269330671, -265.93253866986555)","(-941.3584769604909, -276.0529258215259)","(-879.2528403324336, -294.4605326140468)","(-857.2363220176691, -304.6160710035162)","(-835.6157437671205, -314.2433631256547)","(-819.4225829966607, -325.6220093529931)","(-805.6346372838401, -337.572334779578)","(-792.2361296075536, -352.2086241766994)","(-784.3545386211952, -364.7094154862636)","(-776.8006403812589, -379.39559183425695)","(-773.0555333050681, -393.62595497047283)","(-774.2327291432905, -411.93771510184894)","(-771.181246210579, -428.0227628212058)","(-762.3670329511191, -441.5399269254224)","(-748.0244238022176, -452.5179818475288)","(-727.0361888464088, -459.8352341955637)","(-546.3961703375226, -544.3140523084895)","(-707.3799525610875, -769.8596318256162)","(-712.0786134408943, -801.3289263967035)","(-712.4996429608856, -829.1802103768581)","(-711.6652501771886, -859.9689728067168)","(-723.1797440855632, -937.1633370145992)","(-714.6195855184361, -962.4554070155451)","(-703.778677240522, -982.1220066578189)","(-692.9233779927614, -1003.5125521044074)","(-682.212315785423, -1028.2715381603684)","(-675.0422328617497, -1057.693503030544)","(-667.1707234559656, -1087.3919662491735)","(-659.1145458279248, -1116.1684810000902)","(-647.733417931732, -1142.6826634260608)","(-632.5932264141762, -1165.0917871116005)","(-618.0277789905676, -1186.4302452719191)","(-599.8334766683469, -1208.0258121281863)","(-585.7525425529645, -1232.3774620191402)"
Fall,"(-968.6792946438891, -322.64752304677245)","(-862.3098641237685, -342.93687208413127)","(-842.8537389411853, -352.8974883062564)","(-826.4741869257043, -366.8902844795648)","(-811.5575862034331, -377.35829694821496)","(-799.5712601594443, -389.16752488746846)","(-788.7699121935217, -402.98273923112885)","(-780.2726631422119, -417.61174690489764)","(-776.0400424845112, -432.65933765566416)","(-776.2769303101594, -450.44464417754585)","(-776.0017311722404, -468.5761018422578)","(-763.7942349058941, -480.754216543672)","(-743.9708532104178, -488.9298846188102)","(-730.0915292418257, -497.97632617357664)","(-710.3884180478933, -506.1307716424794)","(-681.6594054566574, -505.26498488661997)","(-618.4040437757495, -495.21359143484824)","(-605.7086617764377, -502.0882188908609)","(-543.8468047403306, -581.9303248445923)"
Fall,"(-607.3155194245033, -489.0581993650098)","(-598.359612576495, -499.5858525191709)","(-595.1167909403838, -513.0682875025698)","(-593.6346399350571, -532.1705335408709)","(-720.3934657789522, -785.7412134176172)","(-733.163567677805, -888.9045199176078)","(-727.034982910247, -913.496789060967)","(-716.5644960937283, -932.7911799743506)","(-701.1905765038065, -950.3119358517283)","(-690.3369323896532, -968.3751764057376)","(-678.6083014814512, -989.6922618473178)","(-663.0284183567877, -1007.6866472030363)","(-649.9005966436406, -1025.6862468524378)","(-638.1202764293664, -1047.720418484678)","(-619.8641417318206, -1058.913332523051)","(-598.8698005070961, -1066.6281097648753)","(-587.8061951725673, -1093.2453701785112)","(-578.1813207511774, -1120.3557126352434)","(-561.9689083633135, -1141.128803436731)","(-545.2767822041842, -1159.4286495033018)","(-526.0605838829573, -1172.9324413983622)","(-404.2856538565742, -1599.188344156423)","(-374.69122823933077, -1608.9470107745942)","(-346.44927450756944, -1614.7523494930047)","(-315.4412933441064, -1615.746221704819)","(-285.1799676256082, -1614.7608022753886)","(-254.96748502097333, -1615.5035845153918)","(-225.64799183494975, -1608.7520734348268)","(-193.0687994777085, -1597.6263646948983)","(-163.21195402791668, -1590.3972524380156)","(-135.9814547553085, -1599.480105053711)"
Fall,"(-880.8747066718694, -1528.6064940480098)","(-837.5030337216057, -1515.7660541808907)","(-795.0588342641495, -1503.1905069080672)","(-752.9523733020244, -1489.7846441814497)","(-710.5676681660519, -1474.1865007376305)","(-672.5323281598077, -1461.9801059111403)","(-634.3854028022719, -1450.3255361164263)","(-598.4791595866051, -1438.1960082132446)","(-566.0664213399923, -1432.4590287792996)","(-531.3145185210639, -1422.2474977684897)","(-498.5225237639192, -1410.2281219008692)","(-468.3042187892752, -1403.4284480030205)","(-441.04036113837174, -1402.802070802198)","(-415.47821322387637, -1411.1055433015263)","(-389.428746926536, -1417.7377449892585)","(-366.27315043658876, -1427.5093841265127)","(-341.1229460677357, -1439.8941621404222)","(-313.86382153742346, -1445.5691142349176)","(-288.7388024642781, -1449.5219570435952)","(-262.4706646618842, -1453.7457524243875)","(-236.1009673274054, -1454.7148846860212)","(-208.36905412404533, -1456.6724365084453)","(-182.29963501935083, -1458.400461317745)","(-157.16430602427727, -1460.819955850791)","(-130.31192066595602, -1470.989247354429)","(-104.43146721575533, -1481.8246585393174)","(-79.23774607203292, -1488.6426509063297)","(-52.68771138234609, -1497.0731461987054)","(55.542099418510674, -1507.9774783438195)","(83.35947414436802, -1511.7034094260603)","(109.70493814846346, -1504.0042641381845)","(139.99278183949585, -1505.5052377965476)"
Fall,"(-1027.3630943433036, -1721.4957551156938)","(-1017.1827229159428, -1774.0812574967665)","(-596.5798852570948, -1604.9587231473063)","(-555.5274075844546, -1585.2284888691897)","(-519.5640008794752, -1568.4333940241495)","(-481.46390654902785, -1547.586207353422)","(-444.8650704130419, -1530.9239470419159)","(-415.2828554295032, -1526.5202750000794)","(-386.14855874570026, -1527.4454296565289)","(-355.26081351727646, -1523.6305340793886)","(-326.2580891177096, -1520.6440154701759)","(-296.83785071197747, -1518.2543562870794)","(-266.98407316290536, -1514.14192025627)","(-239.23662520512755, -1518.520134756356)","(-212.8367206266779, -1523.4544932005292)","(-185.9742430036092, -1524.9516856081816)","(-158.28752696538524, -1530.0843510431648)","(-131.08500859699092, -1536.9199623015918)","(-101.54757054601248, -1530.1340924625536)","(-74.05905640450281, -1515.9420564996785)","(-46.09788569022739, -1508.7959553680182)","(-18.073268824021852, -1506.1415668701313)","(7.388848985738407, -1505.2318649997635)","(34.37534363282023, -1500.3562571103323)","(63.281349956881364, -1505.9209917016346)","(90.32605554623792, -1517.5642543857764)","(118.20443309973194, -1523.1703038385338)","(149.52563251381716, -1526.6951513715312)","(177.67316098568133, -1518.8936139063053)","(202.75270211124618, -1505.1554419017953)","(230.1550636732797, -1506.2678079164903)","(259.61278940055456, -1510.8574385360332)","(288.2728976514989, -1518.3770896847755)","(318.3609715976435, -1526.4032410419616)","(346.94545518004855, -1525.5455093604744)","(374.99940868881936, -1519.922923533636)","(475.01240368750723, -1455.183417594846)","(502.10758951665196, -1449.2332562599358)","(523.8799713871757, -1351.5176749045393)","(544.5754698493305, -1330.0846289384674)","(567.4995733712934, -1316.928332986803)","(590.499637250124, -1307.0513535846524)","(617.638563415474, -1304.9661556845333)","(650.6202068973288, -1311.2045640848255)","(685.3816786167139, -1321.8823527895877)","(724.7596653054942, -1340.0655497199634)","(816.5042693578, -1396.5800516334484)","(861.139014202191, -1413.0241189444994)","(902.113432295546, -1422.8752291652102)"
Fall,"(-444.77345676593126, -1201.5731915520103)","(-417.62250992454324, -1192.7512321118452)","(-394.0950728413995, -1189.674172226216)","(-373.6900575565108, -1198.8593759834434)","(-354.174837598098, -1213.8864998064525)","(-334.64146259415907, -1227.4506727412072)","(-316.1839048957413, -1244.977103518326)","(-296.58255538625247, -1264.1760311920807)","(-275.69976781636376, -1279.8926519540626)","(-256.4113949668036, -1294.601583125549)","(-235.498237753509, -1312.5406012824867)","(-215.3049696986432, -1333.4801582787297)","(-192.74594045550919, -1355.3634207982452)","(-173.03262773161808, -1381.2037176826202)","(-152.16350200410713, -1414.3381910483242)","(-130.59884199356782, -1456.1551917532483)","(-106.97718382209928, -1500.4412499799826)","(-82.81679499198037, -1532.263563642775)","(-54.852551129823055, -1534.7701000913949)","(-27.11049754119629, -1529.2597133656104)","(-0.4179245383634757, -1532.4999430143807)","(26.902884523071943, -1541.265222083577)","(55.027702102966245, -1551.524476765116)","(84.44296303727107, -1546.6966043776931)","(110.75153340245555, -1541.5266289782362)","(143.21020853851866, -1540.105969948287)","(171.20264347922367, -1543.7860011561595)","(197.64103115055192, -1536.843607139564)","(223.30607345197967, -1519.681018358609)","(252.10639216965612, -1516.6900200855807)","(278.62846724121016, -1512.5508841830128)","(308.62146779737066, -1523.3009722686443)","(340.527089213229, -1538.0032067625755)","(389.56203687548805, -1284.2139305526243)","(400.4050265150294, -1241.5297276914068)","(417.523323338152, -1215.8061212498746)","(437.4292289935987, -1200.8079237005666)","(455.2523604128968, -1182.1171053827477)","(473.44506831524774, -1166.3195658943437)","(492.4154778369779, -1152.1874835227904)","(511.9535111064603, -1138.9820740317941)","(531.5170434706597, -1127.7744433175496)","(551.3690462431279, -1116.5302223159674)","(570.457069201493, -1104.6489463617131)","(589.1776403066702, -1092.2228289880522)","(605.2575889149088, -1079.3838525107328)","(622.4905157945299, -1066.0655738489354)","(635.8847619807016, -1044.6911359252294)","(645.3894942092705, -1016.1134106310683)","(659.1626633565397, -997.6585817486426)","(681.540944888245, -992.2277979077376)","(709.8902885112576, -994.6556078751094)"
Fall,"(-1115.3713807302004, -1473.4485681719625)","(-439.0707835145511, -1191.1536832264417)","(-411.8877583341663, -1182.5728463965572)","(-388.38421947118167, -1179.9757457531748)","(-368.53219817044715, -1192.6072620153116)","(-351.1762214927478, -1208.5104515303442)","(-332.8438601676707, -1226.1261006718207)","(-312.2741141342625, -1242.3549724783418)","(-293.03603742787305, -1259.8698864440607)","(-273.57016610383573, -1276.770310869547)","(-252.30513166946218, -1292.3516096764283)","(-232.86118897618044, -1312.2493014547958)","(-211.91374192725658, -1333.2638771009993)","(-192.2357920178845, -1354.4258563196645)","(-169.70306069166745, -1382.120516160541)","(-148.8746638089553, -1416.4478094782635)","(-126.37287915996956, -1448.999705111364)","(-79.47511645055967, -1524.4297149639829)","(-52.59659925991312, -1530.0962707445215)","(-24.972092894925193, -1526.0456929844688)","(3.7380006310085965, -1522.9954127807748)","(30.127901080834015, -1534.2042105197286)","(58.468906948613125, -1552.8996705905486)","(86.26163673486838, -1556.611682478267)","(113.72960804955596, -1553.3421471951679)","(146.3889005382266, -1555.878482497656)","(175.8591657596102, -1558.6102154863268)","(205.6413643417035, -1565.2997130810709)","(231.63560461068926, -1558.6317747231512)","(260.0106574917766, -1548.5733823395951)","(287.04308162097993, -1544.0455042820245)","(316.61042387351404, -1545.4009478108371)","(348.977433759457, -1564.039961358617)","(457.58362472990075, -1520.3839281178439)","(484.26221017955186, -1509.9977398301016)","(511.45681332782294, -1497.3065786940724)","(535.3665602663832, -1480.9524667080107)","(564.0746768202076, -1476.6822005665872)"
Fall,"(295.32615405329403, -1184.4885078514228)","(309.9928546307849, -1148.1376191806698)","(305.7054725813297, -978.8740542244574)","(318.8001672506633, -956.2585703464043)","(331.88203232942175, -938.0188252998405)","(347.11286776722847, -926.0851240735975)","(444.57575936064666, -972.7192011001451)","(461.3625128297237, -963.20747077431)","(477.69109575708586, -953.5373443313033)","(493.5732640051896, -940.6170823237602)","(505.35381686608605, -923.5258969183693)","(520.4040600391301, -912.8281200723329)","(538.7750894536938, -905.5995061196556)","(555.66354367072, -897.3952731295713)","(574.3251677236678, -891.8190198796955)","(593.343489238075, -885.9077639792905)","(610.47292750541, -878.4576639104325)","(632.1130709633679, -873.5308397631192)","(652.4901725733696, -870.3198476394608)","(676.6864144029036, -871.985985588382)","(706.0763534055637, -875.8317093834303)","(732.2345561297661, -877.0055899533619)"
Fall,"(-23.408764346515262, -2145.8723237303216)","(136.16721240456877, -891.1569672431277)","(152.73260383983606, -891.7652797817952)","(170.12295582487064, -904.1339391381175)","(187.77310045997706, -905.230088288965)","(329.50593698746906, -1281.3098132341022)","(343.7070037538606, -1245.962176621162)","(362.8827619707994, -1220.1824048331644)","(378.21413260233805, -1196.1288893341975)","(395.7034659991385, -1172.0016070792176)","(409.65806172493905, -1144.9175832625535)","(419.90034474113924, -1111.0507472596705)","(433.62264617439916, -1083.4483839688496)","(446.54935461738864, -1060.0324223299936)","(464.91760946305067, -947.3141922884732)","(473.35241515311606, -921.5386541370427)","(483.4589073892478, -902.1195790281878)","(495.21432877638364, -883.7034392682626)","(506.4627875820801, -870.0810349011113)","(519.706813046858, -856.9771822940668)","(534.633510126803, -844.7881819423694)","(548.2005220143304, -835.1509969240386)","(562.6308017333906, -822.4711733190667)","(531.0916393242219, -689.4031716926683)","(539.2862651953028, -671.1865047598183)","(546.1823625852091, -657.8068309168272)","(551.8622222124754, -636.5958982704086)","(555.8747966624717, -618.7174419195371)","(603.6697530138597, -626.4845004436946)","(616.4999602951943, -619.8716491791054)","(624.2528250800674, -603.8217124114989)"
Fall,"(-15.15737578050824, -2137.6962638456025)","(22.88206228472772, -2151.378316620672)","(62.09932721079121, -2168.110853614263)","(547.4411498941676, -862.4212644656621)","(559.2504500272876, -843.4351985447823)","(569.1486228414792, -826.1842455636925)","(581.0157111856176, -811.7412185268596)","(594.4180699458815, -800.1110676786151)","(609.4486761433039, -791.5638389587882)","(631.2430210193993, -790.0372212208121)","(649.882901391523, -782.2667156916086)","(665.1527960272983, -774.9343975054064)","(687.3127266889536, -770.4917038692861)","(704.556932677233, -762.6025118739442)","(722.876976972894, -756.364950709993)","(743.7285896263005, -748.6122811392248)","(763.1339661499247, -741.7914883633308)","(780.1387132128386, -732.6790911760866)","(791.9322811721546, -716.1936362028549)","(800.360472306179, -698.0452094025356)","(810.8911589169948, -682.6825971051651)"
Fall,"(31.920451373790844, -1828.7214344410397)","(142.0472985537518, -1479.4463922270322)","(164.87796064989524, -1443.614996490384)","(188.3048142716333, -1421.3304891622236)","(213.82391876801884, -1407.0962633248257)","(238.61567894734264, -1393.2138413612242)","(294.2177139866785, -1005.3318789218081)","(306.3168141972368, -983.6590221413392)","(319.69807366814575, -965.9706991896167)","(332.2381234413996, -945.5807167196978)","(345.8926448176261, -930.5433040762088)","(362.90401820003063, -920.5492510312915)","(368.6597466924553, -839.0841681074996)","(382.4789288370106, -828.4721594572102)","(394.89808369578503, -819.8509032094779)","(409.23989495489843, -810.267098478831)","(423.85872327267504, -802.4338182714248)","(455.1803445582532, -792.8832930689294)","(465.5303301251001, -779.5803433473778)","(472.15806443178536, -755.6108536753757)","(479.34738254488394, -737.6897378623135)","(487.5372003901377, -720.2586623816104)","(495.52546623740284, -706.8628401678818)","(505.8505616301905, -691.4736233569729)","(514.3460576398631, -679.8561487479029)","(525.5013932743512, -668.0930217168233)","(537.5461921304378, -656.8261975789839)","(545.9310713507895, -645.9507162576564)","(556.3390631816795, -633.6855760376206)","(566.9821692960884, -622.4911402584793)","(575.5297131254268, -610.1369615174644)","(588.4369195268192, -599.4514089880745)","(603.2315673721491, -592.7940102815988)","(616.3342675916981, -586.7990035712442)","(631.0559001376346, -577.6233209466874)","(647.2819256817244, -574.5575329640702)","(666.080603237747, -568.5725041632237)","(684.9715455525061, -565.903023302943)","(917.5809482159258, -683.6324055888242)","(942.2552302722557, -678.7169097087373)"
Fall,"(435.8417340986135, -949.4969959499152)","(440.3978895944643, -915.5903553668212)","(446.3516475146107, -886.7484250118479)","(457.96901295628516, -828.3276122234764)","(492.5764286527794, -789.72401789212)","(493.0996318042381, -759.7603672306979)","(481.4343061684621, -684.3767758655254)","(469.09557030764, -568.1108240631839)","(473.54065888529686, -552.6113524733987)","(480.69650524901436, -540.0554321932002)","(487.6762638118857, -529.0105024614163)","(498.04705418244583, -518.5654556757399)","(505.7686648304734, -511.0372370733861)","(513.3666681892362, -499.82688402314125)","(523.1300741061737, -489.96478247489307)","(534.167214921415, -482.0224439827453)","(545.8912809403934, -475.58249483476203)","(561.124919344519, -471.62254493461927)","(655.6035023710481, -406.68943639934275)","(659.7027628719949, -393.7008091927886)","(781.0157596479361, -261.0874052526419)","(773.319194288759, -242.6678259361645)","(777.0090874801203, -229.6996745172066)","(779.7536505438101, -215.55798399410233)","(777.7257498568136, -198.87237241421172)","(776.8562902303771, -182.4782297412383)"
Fall,"(1193.3007837604407, 21.80572119232941)","(1187.6706180219721, 44.3931648714847)","(1178.2628138344146, 64.00579298006883)","(1167.6012458848854, 85.80730218380675)","(1157.6810722986843, 105.73923038006656)","(1140.3285708308385, 125.8304933110304)","(1114.4141358639185, 144.55170800331496)","(1099.399607258229, 161.85507733911768)","(1096.8512965554319, 181.39816907749676)","(1012.364789586421, -349.51184930648833)","(1000.1519287180789, -323.7633116668824)","(997.9970647197127, -303.92831607278305)","(998.9611335329879, -282.9129127319709)","(994.2935563518693, -262.06561448834196)","(807.4503760080161, -50.04887895361448)","(811.4574732985058, -35.87243409646068)","(827.1861312446644, -22.789345679175465)","(846.709194236311, -8.312815148731316)"
Fall,"(1361.414896851784, 15.222635450086047)","(1363.8861091868678, 40.92592292310403)","(1365.9959253454574, 64.12005879291839)","(1385.1019907699085, 89.64638958282877)","(962.724505267847, -504.16970303339264)","(960.597652737649, -480.9004180232317)","(961.1766422853276, -457.49285494431854)","(964.810271655321, -438.41898021001066)","(970.9373537552499, -422.17557672460487)","(983.4513968692056, -406.10263480554784)","(988.5062469616142, -387.51575738008904)","(992.5082406309252, -368.617626789205)","(1004.7911961015087, -351.5037727207197)","(1014.6252430062925, -335.80080219442874)","(1028.946815359124, -319.80416063947143)","(1047.884138458076, -306.36072670624026)","(1070.6727326190253, -291.8988902447371)","(1087.535328922381, -274.9363032516594)","(1105.3430809804079, -259.9556179980328)","(1133.453673931673, -246.74433945035608)","(1167.0157094547694, -231.47223674942407)","(1193.9929446260787, -213.892141471223)","(1207.8038680665431, -195.35113586436137)","(1213.720204247313, -181.73009740233223)","(1228.1963702797634, -161.35438801474967)","(1246.8550062276902, -142.75010838856224)","(1264.9328867434824, -121.45103760281305)","(1282.3942420633703, -99.51919625235219)","(1301.4042906384977, -78.17246834856996)","(1317.806580081803, -56.096501611973615)","(1332.107544244187, -32.33791223504561)","(1348.7278826214206, -7.724062372831548)"
Fall,"(-3650.9200210008744, -437.1635852343773)","(-3622.446759252265, -1116.1405495647757)","(-3760.3247717952318, -1306.2649704876633)","(-3769.2904245464933, -1385.8952685618476)"
Fall,"(-4153.024948572727, -584.8245690226232)","(-4210.709066910156, -670.442552602833)","(-3761.0063160375703, -811.2260725133909)","(-3880.04705618888, -986.532864004036)","(-4022.6111731684173, -1253.866659378345)","(-4083.5009468383614, -1355.184956812245)","(-4142.9463462357335, -1459.4697058219413)","(-4189.949125878567, -1558.7483993734943)"
Fall,"(-3724.042387609169, -859.7629297022519)","(-3905.1030302201766, -1124.3817794082208)"
Fall,"(-4261.997052541299, -758.6976500090681)","(-4213.309586817449, -828.527806191306)","(-4166.432532951562, -898.6740292580117)","(-4099.444915935352, -961.7520177841055)","(-4043.35114735107, -1028.0542297052175)","(-4024.2524349956807, -1099.495521560381)","(-3992.1372107796965, -1170.6923390917464)","(-3949.424627222076, -1235.7824146635865)","(-3918.715700746272, -1304.0579959206777)","(-3910.8777225908566, -1380.115213104527)","(-3898.755617594596, -1455.2617923502908)"
Fall,"(-4801.214870215209, -277.88726585497875)","(-4854.089857380288, -725.4485898241288)","(-4790.690876013481, -804.3730434202675)","(-4689.42777800331, -875.7496017075541)","(-4582.054158427956, -941.3419950969349)","(-4503.3211454579605, -1012.5446772222971)","(-4522.986783921098, -1102.8466813093642)"
Fall,"(-5147.20034855901, -1415.3591891438732)","(-5193.31926243959, -1529.092574330905)"
Fall,"(-4083.4707561562977, -967.4083076014555)","(-5144.596296846945, -1411.6254832528011)","(-5199.84583681319, -1526.3924252552288)"
Fall,"(-5469.276505649949, -589.9283895062841)","(-5409.406334943377, -682.1679895556961)","(-4060.6167875806977, -974.8678394622605)"
Fall,"(-5934.626270412809, -999.7720205257527)","(-5922.06060206604, -1107.6149095950316)","(-5904.018694584219, -1216.2841995191993)"
Fall,"(-5744.635849196516, -959.7119477354768)","(-5825.687128699864, -1083.01418665719)","(-5863.136375119584, -1197.8647291115917)","(-5886.642343423923, -1428.547573799521)"
Fall,"(-1445.921060761808, -196.78122000193017)","(-1439.3667885928703, -222.74536559903427)","(-2102.962283313144, -510.33874530782725)","(-2119.7981568817986, -555.0066094926519)","(-1375.4237914031467, -422.1503956437723)","(-1359.0435186679226, -444.8603313026597)","(-1364.0637295865552, -473.016071742195)"
Fall,"(-1609.4595964408861, 106.81201910056602)","(-1594.4532704589162, 75.71545960281713)","(-1614.0366689927628, 47.99159975190174)","(-1706.4875626851679, -6.515243727974456)","(-1738.825693991072, -38.4157313670621)","(-1764.3505984686767, -70.28533405499532)","(-1793.9976340961127, -103.83394848290207)","(-1821.154062791212, -136.3339359039506)","(-2024.591002117292, -296.9349030439154)","(-2041.674205882116, -338.2257929780504)","(-2067.2184385908276, -380.8043160864915)","(-2101.2944020289015, -424.53020917480075)","(-2114.6684286092113, -467.6007907857403)","(-2105.3910278142284, -506.67432340641335)","(-2091.965673523769, -542.845450656302)","(-2077.4467166677077, -580.3999822592702)","(-2066.8327153786445, -617.131693109776)","(-1948.7822065009275, -661.5224195939064)","(-1622.8499341109662, -729.4440717807172)","(-1586.4143251269616, -748.201569787158)","(-1539.516074456146, -760.2494699052003)","(-1496.4963013115962, -773.3298585731137)","(-1366.2604666240034, -774.4692294341725)","(-1332.084208141228, -787.5962877139262)"
Fall,"(422.1538301613441, 2089.532054355737)","(382.6156400650296, 2093.066012928791)","(335.82205467008276, 2051.444639783673)","(294.87733819187343, 2033.7335999144223)","(248.5525258747983, 2024.2978762724763)","(208.9075098228001, 2003.38731024224)","(168.9658141607573, 1981.0574489764278)","(131.1712749644091, 1968.38427628454)","(94.92083620903568, 1964.958675736815)","(57.681609349447854, 1957.9005067783341)","(19.67300386504883, 1949.650747036229)","(-15.40366543952721, 1947.689089559991)","(-51.54358312243583, 1948.0682281529312)","(-87.60164084891846, 1945.5287719590726)","(-123.55151479040323, 1941.8233919934626)","(-158.49802328224942, 1933.0128366401552)","(-194.53961542575553, 1926.703554787295)","(-229.02671757167087, 1917.118234522416)","(-262.93025539058135, 1897.1162967251753)","(-287.4956550098606, 1597.3337936544294)","(-159.29959814984034, 666.7337459805821)","(-171.63114947605365, 657.7254830318866)","(-180.06416591404152, 645.8692949457193)","(-191.82649878242833, 641.1693667548965)","(-203.7148067901776, 638.8039820590043)","(-216.37508616300144, 642.0187474583228)","(-230.93799450036676, 645.4284566829608)","(-244.90267947058143, 645.8778832628732)","(-258.6761395603663, 644.7978111952194)","(-270.5293250309644, 643.1710089846174)","(-283.48183599354394, 643.3094501573324)","(-298.0515290926282, 639.1735668075975)","(-309.2708440596942, 634.0991996640622)","(-321.6522690654689, 631.2781223874587)","(-335.87017498852333, 628.368900848203)","(-349.11338274389817, 629.4123517131774)"
Fall,"(249.29353975044623, 1004.5286113589262)","(197.7311010145727, 951.9309188126862)","(178.13939417380985, 948.1608084831328)","(163.1136521759137, 960.2447273866361)","(149.89177217626798, 988.1966943042553)","(136.36996556815717, 1012.3564009235777)","(116.46395182199267, 1032.2004216362268)","(97.57830685185588, 1052.4863296175988)","(81.50392984376086, 1069.1478718680703)","(61.25857564529386, 1084.02050230146)","(42.817820735681, 1097.4150066075492)","(23.322361578755245, 1110.5051237839427)","(2.1466173223550067, 1124.497951102656)","(-18.97569431547036, 1140.592164415154)","(-39.99413168368229, 1154.307354837033)","(-61.37699268391239, 1171.1427868834264)","(-85.73775663585612, 1197.9357399656506)","(-109.76125377007735, 1231.367747535569)","(-136.3320796514832, 1267.1873634383755)","(-215.15426573075885, 1325.6536659089575)","(-242.98069183759503, 1331.2572801281215)","(-271.1842555120066, 1344.1672745839332)","(-297.7708239306567, 1353.635304066667)","(-326.7565985076008, 1365.961337422016)","(-357.0418857816334, 1380.5785351791817)","(-388.9976798307071, 1395.2895954196485)","(-420.5765363335051, 1408.5508074207733)","(-445.42949392152053, 1411.3796675398219)","(-472.41496922998374, 1406.7978166202254)","(-500.55591504702966, 1404.996806370545)","(-530.1989608587437, 1406.3776384400842)","(-559.3679669572199, 1400.9567186541299)","(-587.978601916597, 1398.9594038742525)","(-593.6922604335634, 926.3258402966453)","(-599.7049204010884, 896.9922008840011)","(-606.7125136502133, 869.4998494998373)","(-607.232149096773, 837.2228972043911)","(-609.8368230906501, 806.9890328887395)","(-611.4756157790499, 778.268998359585)","(-568.6753874329577, 617.5504463021426)","(-577.9862511270682, 606.0842709624444)","(-592.2653927584022, 597.7825311438396)"
Fall,"(-72.8809468874824, 959.4860239111271)","(-88.67736604973663, 934.301115674428)","(-105.07204193142154, 917.7548302811387)","(-119.40196600201398, 903.1412793770718)","(-134.96623804181786, 886.5352091647795)","(-150.679413129156, 869.7949625969635)","(-162.6897659878288, 850.5810014589001)","(-175.50762088489896, 830.1501822027883)","(-187.89529710681745, 815.8939390785673)","(-201.93149443708535, 797.8425104959032)","(-211.4771953367232, 771.542219099197)","(-219.53952986058408, 746.3822042550275)","(-229.58887792151253, 728.1628918962713)","(-236.54710111934833, 712.7737852587122)","(-247.2978048323847, 695.3328668523327)","(-255.11495735343715, 682.9036231669546)","(-266.35520866576803, 671.87979975336)","(-277.9357714927335, 662.2950773067387)","(-287.3160916295378, 648.1747167938032)","(-293.9222004805053, 633.9253130808847)","(-303.0838208301227, 620.9840557945221)","(-311.0363666590456, 610.0319181121097)","(-319.3985418529876, 598.3373914123914)","(-327.74269773408264, 585.2266967440786)","(-334.31446899293104, 572.5406848617612)","(-342.04044100364814, 559.1856460228838)","(-349.19858696072595, 549.1228545276844)","(-355.8783639071626, 537.036919217628)","(-359.52989884880037, 521.5941926764248)","(-362.30112745177286, 505.5906378159847)","(-366.526800548649, 489.16732002411084)","(-368.20171437264713, 475.0036815994626)","(-374.25071775977807, 464.48751356337976)","(-385.6305711912548, 461.6181458334438)","(-397.4578665325107, 455.4640428523693)","(-407.43593049008325, 450.2760542663578)","(-416.4786100074344, 444.66968629115627)"
Fall,"(-105.43436808968698, 757.6995407320294)","(-126.0728514716655, 707.0987898602312)","(-137.42608473838015, 697.8471420973791)","(-150.58516401923987, 695.3821671407015)","(-163.85581608395637, 694.1734898679586)","(-239.85435086868677, 722.7393308582015)","(-354.7842700498473, 924.2446222322297)","(-373.92806259984, 918.2864770867151)","(-390.4801811288377, 914.362231637763)"
Fall,"(-408.53616235721046, 806.1403516425927)","(-418.3967375821231, 789.484908013216)","(-432.29913493643517, 779.3869516698427)","(-448.55645243842565, 774.4818325666873)","(-464.7147903142005, 771.031922920983)","(-479.97113552949844, 761.6283684045152)","(-496.6840398893894, 758.0198064820968)","(-518.4229973788296, 762.7467851710358)","(-545.1917286145105, 771.8749763079006)"
Fall,"(-172.00460737265684, 773.8649607926296)","(-184.97834967415457, 763.1517363223556)","(-197.71794242513747, 756.8504989383108)","(-211.85359838378665, 753.5354108148078)","(-258.4524553172087, 766.8688876467126)","(-273.19761717797644, 759.6154451222511)","(-397.2283354975961, 905.4480724910784)","(-410.254566387436, 894.3976692491192)","(-425.45368763044183, 881.4424100198823)","(-442.0762328443058, 873.5042096945997)","(-463.8139794136213, 875.7611503717785)","(-488.93672435056715, 885.4790396058721)","(-552.2689610433836, 920.8355212349607)"
Fall,"(-177.7628632763774, 763.32458819285)","(-189.99806399870613, 756.7633700019734)","(-203.59682692265966, 752.4417466269563)","(-217.67390170946274, 752.9157555892818)","(-235.02414455621445, 761.2977170434834)","(-252.37963579002752, 768.8888618899958)","(-266.84086985889377, 764.7849045143013)","(-401.2293003048036, 896.5657315985916)","(-416.41008398633767, 883.5401544097989)","(-432.16824820228777, 874.5460852612432)","(-448.7634095249735, 867.8366218773674)","(-501.9318739917887, 892.8339466950679)","(-568.1389120812622, 931.1035061039777)"
Stand,"(-691.1412834773108, 1721.4379821165023)"
Stand,"(632.5193679434476, -913.3675323638462)","(653.933223067044, -906.8050175032931)","(678.0371038370307, -904.909524936218)","(704.4871179632355, -908.3216118885724)","(734.3698615904608, -908.896669807744)","(760.4787805470153, -907.8106007520096)","(786.0380559802164, -905.7288430048156)","(812.8436686994062, -904.7371069848357)","(1057.3795877349737, -269.76836349249135)","(1035.033402298319, -242.22893329816344)","(1012.6441579028809, -217.5542965909089)","(989.5151614262752, -193.46267807391814)","(971.4064335273415, -170.4658423312155)"
Stand,"(-827.8855020352757, -1784.2910624446336)","(-781.9311176367127, -1770.520820908752)","(-743.6450662946895, -1772.0369854705536)","(-708.5769531779893, -1777.4703799008853)","(-670.2437786821279, -1780.7950021375011)","(-637.3664915069114, -1785.924975469062)","(-70.42306115761268, -1491.5884670233916)","(-42.773810443948015, -1493.3875589210274)"
Stand,"(-1214.4581731185765, -1601.621473927435)","(-1181.161767702011, -1621.076784430355)","(-1149.4813161197796, -1639.725267809074)","(-1118.1797267478723, -1659.7215613439662)","(-807.2003968303696, -1771.239613761191)","(-766.4760042841444, -1769.3678524706534)","(-731.1817050613732, -1773.4306799769602)","(-693.377232029266, -1772.9895872800362)","(-653.0484888215457, -1767.1965570495815)","(-621.6317116429849, -1780.0798479505947)"
Stand,"(-2010.5119292555516, -1237.3287133260583)","(-1973.8295306053355, -1266.568018943444)","(-1942.8126289545544, -1296.6137247749202)","(-1905.1877681004596, -1324.7565128280705)","(-1871.7144675821746, -1352.0968722112984)","(-1363.2049612267115, -1535.7520905689437)"
Stand,"(-2256.9834600246763, -601.4596608876113)","(-2230.956290304234, -638.3997812906669)","(-2219.9300013239504, -680.0248905164021)","(-2211.1753253801153, -721.7892216084557)"
Stand,"(-2317.113009745418, -793.6074990626859)","(-2330.4169020536788, -844.6056032980929)","(-2347.0333778672025, -900.2074125873828)"
Stand,"(-1308.7894338407004, -2003.3769535129777)","(-1267.716180033895, -2020.1783799655586)","(-1227.031991413611, -2039.603528764242)","(-1187.3138707007656, -2057.783719184688)","(-1193.1428640009174, -2459.9118085987734)","(-1168.7386937596934, -2524.3183096053644)","(-1145.627055974326, -2594.034832287261)"
Stand,"(-539.3394510317178, -2238.4412448310554)","(-41.255310658286, -2291.8787188336314)","(0.6212962998554041, -2278.249915283858)","(42.52352854549446, -2259.5999091697718)","(82.87322889939045, -2233.463012438708)"
Stand,"(-572.5825945224947, 860.9908085745681)","(-234.8902824106311, -1035.441750041524)","(-221.47713806201318, -1057.557623638476)","(-206.56084135769436, -1084.758351577715)","(-192.14221518314505, -1114.5592712568111)","(-175.298119339244, -1145.1606085419303)","(89.24227853023926, -985.9694801172758)"
Stand,"(-496.46911878346066, -646.6459437701392)","(-485.4020099100436, -657.4819018614047)","(-477.0345713059245, -671.8735132292185)","(-469.8959149428494, -688.1158271832021)","(-464.21527454438507, -704.2701391367386)","(-455.90374320266704, -722.1272581296156)","(-450.1367397259133, -739.5268609380767)","(-439.6806320801963, -755.352197172656)","(-429.4458242373488, -767.8127027765978)","(-422.4378029624725, -786.1949838483067)","(196.56154017472977, -788.3652775992472)","(217.02025420604457, -746.0772140096116)","(226.2565162466082, -730.7756077319141)","(235.68091666118852, -710.1637614112268)","(243.42122626152184, -692.1959037045343)","(253.4213201957838, -680.0666856788575)"
Stand,"(-647.2108612707957, -88.62089794802866)","(-611.8998700419376, -107.37835695641816)","(-601.4920566575561, -116.91821191697778)","(-595.3780516123871, -129.26924676131483)","(-591.2360269424606, -138.53708148107512)","(-586.7471816123203, -149.52590033167772)","(-585.1665517980473, -160.39223533819597)","(-582.6181655651884, -171.19765084093515)","(-577.6643470353022, -182.31007833983853)","(-574.4714132290645, -191.34483369717995)","(-572.4591343026839, -201.84038137454482)","(-571.2501939879179, -212.516977836516)","(-569.6355495064574, -225.1035111642558)","(-567.3112739742145, -236.80262017501772)","(-515.9512067299402, -647.9138945677262)","(-503.52524871688274, -655.0964710671257)","(-489.39605337085715, -664.7869981768816)","(-477.6019675711145, -674.22950326443)","(-465.95326023196765, -683.5423335677172)","(-454.98178096980814, -691.4923293034722)","(-442.0418736358502, -701.0175065235583)","(-431.0364563184844, -710.7630658837045)","(-417.32002410432233, -719.1913844600531)","(-404.18705300583724, -726.3672546876384)","(-392.94769805179055, -739.0271352229219)","(-384.2106943760781, -754.5645796265896)"
Stand,"(-942.4457188821223, -259.4269009967157)","(-925.7247243434854, -273.3885462838157)","(-916.7581027139832, -288.2283488976367)","(-908.1854724662518, -303.3239153137304)","(-892.5089452577171, -316.601930876862)","(-880.6499056864295, -332.2759487451398)","(-871.9288216576318, -346.4869297141432)","(-873.3614930805107, -364.8314027111441)","(-609.9722260616163, -679.6759859914401)","(-588.0637687915016, -680.978021917547)","(-564.2030517358488, -679.8876130743632)","(-544.2526141720186, -680.0221260862942)","(-523.9404932942087, -681.6571146746884)","(-502.0304320181324, -678.4551903609312)","(-486.8151078334158, -682.096071521556)","(-471.2086393411827, -687.2175643202313)","(-451.7072665032957, -688.5584908982828)","(-439.16474659854816, -696.03399726237)"
Stand,"(-3512.9927882009433, -1606.7515894027183)","(-3506.4931566129058, -1681.9116334180164)"
Stand,"(-2908.584074918735, -603.3315250582594)","(-2806.022077984067, -1085.0402517261643)"
Stand,"(-2910.7411781957508, -581.4583872089336)","(-2933.6142189414422, -639.4637319071288)","(-2841.1776560644444, -1072.8832772860947)","(-2765.762646064373, -1103.4274095449143)"
Stand,"(717.9613409258727, 27.816594614055017)","(711.1044673544717, 40.379437942015635)","(707.7113073223409, 53.756562279439464)","(703.1083832204046, 66.54069390372123)","(699.2261934323984, 79.66676168916436)","(695.3478178438022, 92.7020076366333)","(690.9333633879861, 104.22403685026384)","(686.7824881635055, 117.43243356051319)","(682.9088546346917, 129.0755447849571)","(680.8354016636664, 140.8393352067317)","(677.29154264548, 153.6437966886588)","(672.9764415768473, 166.42797716298878)","(671.9995564482764, 178.29514472727425)","(673.8035480879527, 190.62749299113727)","(329.1161608081017, -318.8661399316894)","(334.87869001891585, -315.3668704401508)","(342.6576575991903, -309.88664006154903)","(351.29877581458595, -306.5586935827677)","(361.0545011223954, -302.45767839361963)","(369.67627978845053, -299.8590471567787)","(379.85619408372474, -297.10997007207214)","(389.88979969485365, -295.13885561529656)","(400.0764911689481, -293.18049255355066)","(409.89308229907056, -288.51208567990244)","(419.0294718770851, -283.63762391194007)","(430.73358937119866, -279.55469051225657)","(442.05878412226093, -275.7263704841238)","(454.58742047781647, -272.9749798851991)","(468.3769530249899, -270.2472800511161)","(483.37340981488956, -267.5937157033529)"